<?xml version="1.0" encoding="utf-8"?>
<odoo>
    <data noupdate="1">
        <record id="sequence_vehicle_request" model="ir.sequence">
            <field name="name">VehicleRequest</field>
            <field name="code">vehicle.request</field>
            <field name="active">TRUE</field>
            <field name="prefix">VR</field>
            <field name="padding">6</field>
            <field name="number_next">1</field>
            <field name="number_increment">1</field>
        </record>
    </data>
</odoo>