<?xml version="1.0" encoding="utf-8"?>
<odoo>
    <data noupdate="1">
        <record id="ir_cron_warning_late_action" model="ir.cron">
            <field name="name">Warning And Late</field>
            <field name="model_id" ref="model_vehicle_request"/>
            <field name="state">code</field>
            <field name="code">model.warning_late()</field>
            <field name="interval_number">1</field>
            <field name="interval_type">days</field>
            <field name="numbercall">-1</field>
        </record>
    </data>
</odoo>