<?xml version="1.0" encoding="UTF-8"?>
<template id="spanish_product_name_temp" xml:space="preserve">
                <t t-name="ProductItem"
                   t-inherit="point_of_sale.ProductItem"
                   t-inherit-mode="extension" owl="1">
                    <xpath expr="//div[hasclass('product-name')]"
                           position="inside">
                        <t t-if="props.product.spanish_name">
                            <div class="pos-receipt-left-padding">
                                <span>[</span>
                                <t t-esc="props.product.spanish_name"/>
                                <span>]</span>
                            </div>
                        </t>
                    </xpath>
                </t>
</template>
