<?xml version="1.0" encoding="utf-8"?>
<odoo>
    <data>
        <record id="sale_report_action" model="ir.cron">
            <field name="name">Sale Report Weekly</field>
            <field name="model_id" ref="model_sale_order"/>
            <field name="state">code</field>
            <field name="code">model.sale_order_action()</field>
            <field name="user_id" ref="base.user_root"/>
            <field name="interval_number">1</field>
            <field name="nextcall" eval="(DateTime.now() + timedelta(weeks=1)).strftime('%Y-%m-%d 11:33:00')"/>
            <field name="interval_type">weeks</field>
            <field name="numbercall">-1</field>
            <field name="doall" eval="False"/>
        </record>
        <record id="sale_report2_action" model="ir.cron">
            <field name="name">Sale Report Monthly</field>
            <field name="model_id" ref="model_sale_order"/>
            <field name="state">code</field>
            <field name="code">model.sale_order_action2()</field>
            <field name="user_id" ref="base.user_root"/>
            <field name="interval_number">1</field>
            <field name="nextcall" eval="(DateTime.now() + relativedelta(months=1)).strftime('%Y-%m-%d 11:33:00')"/>
            <field name="interval_type">months</field>
            <field name="numbercall">-1</field>
            <field name="doall" eval="False"/>
        </record>
    </data>
</odoo>